{"carbonproject_percentage": 7.36, "avg_emission_rate": 0.7560975609756098, "tax_rate": 27, "emissions_per_agent_mean": 15.302547425474256, "remained_emissons": 16.887262872628725, "remained_permits": -24.32, "agent_0/emission_rate": 0.7560975609756098, "agent_0/volume": 1.0, "agent_0/emission": 19.095528455284555, "agent_0/taxation": 4.050000000000001, "agent_0/inventory": 0, "agent_0/escrow": 0, "agent_0/labor": 322.75, "agent_0/coin": 129.90548780487805, "agent_0/research_ability": 1.6, "agent_1/emission_rate": 0.7560975609756098, "agent_1/volume": 1.4, "agent_1/emission": 35.50934959349591, "agent_1/taxation": 4.050000000000001, "agent_1/inventory": 0, "agent_1/escrow": 0, "agent_1/labor": 358.0, "agent_1/coin": 227.66670731707316, "agent_1/research_ability": 1.2, "agent_2/emission_rate": 0.7560975609756098, "agent_2/volume": 1.6, "agent_2/emission": 50.29593495934962, "agent_2/taxation": 4.050000000000001, "agent_2/inventory": 0, "agent_2/escrow": 0, "agent_2/labor": 420.5, "agent_2/coin": 320.27317073170724, "agent_2/research_ability": 1.4, "agent_3/emission_rate": 0.7560975609756098, "agent_3/volume": 1.0, "agent_3/emission": 20.956639566395665, "agent_3/taxation": 4.050000000000001, "agent_3/inventory": 0, "agent_3/escrow": 0, "agent_3/labor": 306.75, "agent_3/coin": 142.04715447154473, "agent_3/research_ability": 1.2, "agent_4/emission_rate": 0.7560975609756098, "agent_4/volume": 1.2, "agent_4/emission": 29.655284552845526, "agent_4/taxation": 4.050000000000001, "agent_4/inventory": 0, "agent_4/escrow": 0, "agent_4/labor": 374.25, "agent_4/coin": 188.44487804878057, "agent_4/research_ability": 1.0}